<?xml version="1.0" encoding="UTF-8"?>
<project-private xmlns="http://www.netbeans.org/ns/project-private/1">
    <editor-bookmarks xmlns="http://www.netbeans.org/ns/editor-bookmarks/2" lastBookmarkId="0"/>
    <open-files xmlns="http://www.netbeans.org/ns/projectui-open-files/2">
        <group>
            <file>file:/C:/Users/User/Downloads/Abdul%20Fei/2210010345_PBO2/src/gui/DataObat.java</file>
            <file>file:/C:/Users/User/Downloads/Abdul%20Fei/2210010345_PBO2/src/gui/DataBerobat.java</file>
            <file>file:/C:/Users/User/Downloads/Abdul%20Fei/2210010345_PBO2/src/gui/DataPasien.java</file>
            <file>file:/C:/Users/User/Downloads/Abdul%20Fei/2210010345_PBO2/src/gui/DataPelayanan.java</file>
            <file>file:/C:/Users/User/Downloads/Abdul%20Fei/2210010345_PBO2/src/gui/DaftarBerobat.java</file>
            <file>file:/C:/Users/User/Downloads/Abdul%20Fei/2210010345_PBO2/src/pkg2210010345_pbo2/Main.java</file>
            <file>file:/C:/Users/User/Downloads/Abdul%20Fei/2210010345_PBO2/src/gui/User.java</file>
            <file>file:/C:/Users/User/Downloads/Abdul%20Fei/2210010345_PBO2/src/configdatabase/configDB.java</file>
            <file>file:/C:/Users/User/Downloads/Abdul%20Fei/2210010345_PBO2/src/gui/DataPenyakit.java</file>
            <file>file:/C:/Users/User/Downloads/Abdul%20Fei/2210010345_PBO2/src/gui/HalamanAwal.java</file>
        </group>
    </open-files>
</project-private>
